,Unnamed: 0,qid,category,l2_category,question_en,options,answer_type,question_kr
0,0,368,fine-grained perception,recognition,What color is the text in the image? ,"A: White í°ìƒ‰, B: Blue íŒŒë€ìƒ‰, C: Black ê²€ì€ìƒ‰, D: Grey íšŒìƒ‰",choice,ì´ë¯¸ì§€ì˜ í…ìŠ¤íŠ¸ ìƒ‰ìƒì€ ë¬´ì—‡ì…ë‹ˆê¹Œ?
1,1,1279,science & technology,biology & chemistry & physics,Where is the testa? ,"A: A ì—ì´, B: C ì”¨, C: D ë””, D: B ë¹„",choice,testaëŠ” ì–´ë””ì— ìˆë‚˜ìš”?
2,2,600,instance reasoning,single-instance reasoning,The object shown in this figure: ,"A: Is a colorless, flammable liquid that is commonly used as a solvent and fuel, B: Has a boiling point of 64.7Â°C, C: Can be toxic if ingested or absorbed through the skin, D: None of these options are correct. A: ìš©ë§¤ ë° ì—°ë£Œë¡œ ì¼ë°˜ì ìœ¼ë¡œ ì‚¬ìš©ë˜ëŠ” ë¬´ìƒ‰ì˜ ì¸í™”ì„± ì•¡ì²´ì´ë‹¤, B: ë“ëŠ”ì ì´ 64.7Â°Cì´ë‹¤, C: ê²½êµ¬ë¡œ ì„­ì·¨í•˜ê±°ë‚˜ í”¼ë¶€ë¥¼ í†µí•œ í¡ìˆ˜ë¡œ ë…ì„±ì´ ìˆì„ ìˆ˜ ìˆë‹¤, D: ì´ë“¤ ì˜µì…˜ ì¤‘ ì–´ëŠ ê²ƒë„ ì˜³ì§€ ì•Šë‹¤.",choice,ì´ ê·¸ë¦¼ì— ë³´ì´ëŠ” ë¬¼ì²´ëŠ”:
3,3,333,fine-grained perception,recognition,"According to this picture, how old are Dennis. ","A: 38, B: 45, C: 29, D: 47 A: 38, B: 45, C: 29, D: 47",choice,ì´ ê·¸ë¦¼ì—ì„œ Dennisì˜ ë‚˜ì´ëŠ” ëª‡ ì‚´ì…ë‹ˆê¹Œ?
4,4,589,instance reasoning,single-instance reasoning,"If the liquid in the picture contains only one solute, what is it most likely to contain? ","A: Ferric hydroxide. ì² (III) ìˆ˜ì‚°í™”ë¬¼, B: Sodium hydroxide. ìˆ˜ì‚°í™”ë‚˜íŠ¸ë¥¨, C: Sodium chloride. ì—¼í™”ë‚˜íŠ¸ë¥¨, D: Copper sulfate. í™©ì‚°êµ¬ë¦¬(II)",choice,ê·¸ ê·¸ë¦¼ ì† ì•¡ì²´ì— ë‹¨ í•˜ë‚˜ì˜ ...ê°€ í¬í•¨ë˜ì–´ ìˆë‹¤ë©´
5,5,306,fine-grained perception,object counting,How many pillows are on the bed closest to the window? ,"A: 0, B: 1, C: 3, D: 2 A: 0ê°œ, B: 1ê°œ, C: 3ê°œ, D: 2ê°œ",choice,ê°€ì¥ ê°€ê¹Œìš´ ì¹¨ëŒ€ì— ìˆëŠ” ë² ê°œëŠ” ëª‡ ê°œì¸ê°€ìš”?
6,6,359,fine-grained perception,recognition,What color is the horse in the image? ," A: Black ê²€ì€ìƒ‰, B: Brown ê°ˆìƒ‰, C: Grey íšŒìƒ‰, D: White í°ìƒ‰",choice,ì´ë¯¸ì§€ ì†ì˜ ë§ì€ ë¬´ìŠ¨ ìƒ‰ì¸ê°€ìš”?
7,7,1255,science & technology,biology & chemistry & physics,What is represented directly under the aorta? ,"A: femoral artery ëŒ€í‡´ë™ë§¥, B: none of the above ìœ„ì˜ ì–´ëŠ ê²ƒë„ ì•„ë‹ˆë‹¤, C: renal vein ì‹ ì •ë§¥, D: heart ì‹¬ì¥",choice,ëŒ€ë™ë§¥ ë°”ë¡œ ì•„ë˜ì— ë¬´ì—‡ì´ í‘œì‹œë˜ì–´ ìˆë‚˜ìš”?
8,8,1346,science & technology,electronics & energy & mechanical eng.,How many arcs connect at node 12 in Figure 3.10? <image 1> ,"A: 3 (í•´ì„: 3), B: Other Answers (í•´ì„: ë‹¤ë¥¸ ë‹µë³€ë“¤), C: nan (í•´ì„: ê°’ ì—†ìŒ), D: nan (í•´ì„: ê°’ ì—†ìŒ)",choice,ë„ 3.1ì˜ ì •ì  12ì—ì„œ ëª‡ ê°œì˜ í˜¸ê°€ ì—°ê²°ë˜ì–´ ìˆìŠµë‹ˆê¹Œ?
9,9,1281,science & technology,biology & chemistry & physics,Which area represents a bud? ,"A: G, B: C, C: D, D: F A: G, B: C, C: D, D: F",choice,ì–´ë–¤ ë¶€ìœ„ê°€ ì‹¹ì„ ë‚˜íƒ€ë‚´ë‚˜ìš”?
10,10,180,coarse perception,image style & quality,Which image is more brightful? ,"A: The first image ì²« ë²ˆì§¸ ì´ë¯¸ì§€, B: The second image ë‘ ë²ˆì§¸ ì´ë¯¸ì§€, C: nan, D: nan",choice,ì–´ë–¤ ì´ë¯¸ì§€ê°€ ë” ë°ìŠµë‹ˆê¹Œ?
11,11,405,fine-grained perception,recognition,What is the gender of the person playing the keyboard? ,"A: Multiple persons are playing the keyboard, í‚¤ë³´ë“œë¥¼ ì—°ì£¼í•˜ëŠ” ì—¬ëŸ¬ ëª…ì˜ ì‚¬ëŒë“¤, B: Female, ì—¬ì„±, C: Cannot determine due to insufficient information, ì •ë³´ê°€ ë¶ˆì¶©ë¶„í•˜ì—¬ íŒë‹¨í•  ìˆ˜ ì—†ìŠµë‹ˆë‹¤, D: Male, ë‚¨ì„±",choice,í‚¤ë³´ë“œë¥¼ ì—°ì£¼í•˜ëŠ” ì‚¬ëŒì˜ ì„±ë³„ì€ ë¬´ì—‡ì…ë‹ˆê¹Œ?
12,12,48,coarse perception,image scene and topic,What is the dominant color of the room? ,"A: White, B: Green, C: Blue, D: Red A: í°ìƒ‰, B: ì´ˆë¡ìƒ‰, C: íŒŒë€ìƒ‰, D: ë¹¨ê°„ìƒ‰",choice,ë°©ì˜ ì£¼ëœ ìƒ‰ì€ ë¬´ì—‡ì¸ê°€ìš”?
13,13,918,logical reasoning,diagram reasoning,Which letter shows the sun's position at morning time? ,"A: D ë””, B: B ë¹„, C: A ì—ì´, D: C ì”¨",choice,ì•„ì¹¨ì— íƒœì–‘ì˜ ìœ„ì¹˜ë¥¼ ë‚˜íƒ€ë‚´ëŠ” ê¸€ìëŠ” ë¬´ì—‡ì…ë‹ˆê¹Œ?
14,14,652,instance reasoning,single-instance reasoning,What's the profession of the people in this picture? ,"A: mason ì„ê³µ, B: plumber ë°°ê´€ê³µ, C: pilot ì¡°ì¢…ì‚¬, D: police ê²½ì°°",choice,ì´ ì‚¬ì§„ ì† ì‚¬ëŒë“¤ì˜ ì§ì—…ì€ ë¬´ì—‡ì…ë‹ˆê¹Œ?
15,15,771,logical reasoning,common reasoning,Is the man wearing a hat? ,"A: There is a design on his head, but no hat, B: No, C: Can't be determined, D: Yes A: ê·¸ì˜ ë¨¸ë¦¬ì— ë””ìì¸ì´ ìˆì§€ë§Œ ëª¨ìëŠ” ì—†ë‹¤, B: ì•„ë‹ˆìš”, C: í™•ì •í•  ìˆ˜ ì—†ë‹¤, D: ì˜ˆ",choice,ê·¸ ë‚¨ìê°€ ëª¨ìë¥¼ ì“°ê³  ìˆë‚˜ìš”?
16,16,886,logical reasoning,diagram reasoning,Think about the magnetic force between the magnets in each pair. Which of the following statements is true? ,"A: The magnitude of the magnetic force is greater in Pair 2., B: The magnitude of the magnetic force is greater in Pair 1., C: The magnitude of the magnetic force is the same in both pairs., D: nan A: ë‘ í˜ì–´ ì¤‘ ìê¸°ë ¥ì˜ í¬ê¸°ê°€ ë” í° ìª½ì€ í˜ì–´ 2ì´ë‹¤., B: ë‘ í˜ì–´ ì¤‘ ìê¸°ë ¥ì˜ í¬ê¸°ê°€ ë” í° ìª½ì€ í˜ì–´ 1ì´ë‹¤., C: ë‘ í˜ì–´ì˜ ìê¸°ë ¥ì˜ í¬ê¸°ëŠ” ê°™ë‹¤., D: nan",choice,ìì„ë“¤ ì‚¬ì´ì˜ ìê¸°ë ¥ì— ëŒ€í•´ ìƒê°í•´ ë³´ì‹­ì‹œì˜¤.
17,17,1419,science & technology,geography & earth science & agriculture,Which part of the diagram is above sea level? ,"A: B, B: G, C: C, D: A A: ë¹„, B: ì§€, C: ì”¨, D: ì—ì´",choice,ë„ë©´ì˜ ì–´ëŠ ë¶€ë¶„ì´ í•´ìˆ˜ë©´ ìœ„ì— ìˆë‚˜ìš”?
18,18,1335,science & technology,electronics & energy & mechanical eng.,Assume for the common-emitter circuit shown in <image 1> we have the following numerical values for a germanium transistor. $V_{BB}$ = + 15V  $V_{CC}$ = + 15V  $V_{BE}$ = 0.3V $R_C$ = 4k$\Omega$ $R_E$ = 600$\Omega$ $\beta $ = 60. What value of RB is required to set VCE to 8 V? ,"A: 551 551, B: Other Answers ë‹¤ë¥¸ ë‹µë³€ë“¤, C: nan ìˆ«ìê°€ ì•„ë‹˜, D: nan ìˆ«ìê°€ ì•„ë‹˜",choice,ë‹¤ìŒì— ë‚˜íƒ€ë‚œ ê³µí†µ ì´ë¯¸í„° íšŒë¡œë¥¼ ê°€ì •í•˜ì‹œì˜¤.
19,19,885,logical reasoning,diagram reasoning,Think about the magnetic force between the magnets in each pair. Which of the following statements is true? ,"A: The magnetic force is weaker in Pair 2. ìŒ 2ì—ì„œ ìê¸°ë ¥ì´ ë” ì•½í•˜ë‹¤., B: The strength of the magnetic force is the same in both pairs. ë‘ ìŒ ëª¨ë‘ì—ì„œ ìê¸°ë ¥ì˜ í¬ê¸°ëŠ” ê°™ë‹¤., C: The magnetic force is weaker in Pair 1. ìŒ 1ì—ì„œ ìê¸°ë ¥ì´ ë” ì•½í•˜ë‹¤., D: nan ë‚˜ë…¸",choice,ìì„ ì‚¬ì´ì˜ ìê¸°ë ¥ì— ëŒ€í•´ ìƒê°í•´ ë³´ì„¸ìš”.
20,20,719,logical reasoning,code & sequence reasoning,what python code is gonna generate the result as shown in the image? ,"A: thisdict = {\n ""brand"": ""Ford"",\n ""model"": ""Mustang"",\n ""year"": 1966\n }\n print(thisdict), ì´ ì½”ë“œëŠ” ë”•ì…”ë„ˆë¦¬ë¥¼ ìƒì„±í•˜ê³  ì¶œë ¥í•œë‹¤., B: thisdict = {\n ""brand"": ""Ford"",\n ""model"": ""Mustang"",\n ""year"": 1966\n }\n print(thisdict[\""brand\""]), ì´ ì½”ë“œëŠ” ë”•ì…”ë„ˆë¦¬ë¥¼ ìƒì„±í•œ ë’¤ 'brand' í‚¤ì˜ ê°’ì„ ì¶œë ¥í•œë‹¤., C: thisdict = {\n ""brand"": ""Ford"",\n ""electric"": False,\n ""year"": 1966,\n ""colors"": [\""red\"", \""white\"", \""blue\""]\n }\n \n print(thisdict), ì´ ì½”ë“œëŠ” ë”•ì…”ë„ˆë¦¬ë¥¼ ìƒì„±í•˜ê³  ì¶œë ¥í•œë‹¤., D: thisdict = dict(name = \""John\"", age = 38, country = \""Norway\"")\n \n print(thisdict) ì´ ì½”ë“œëŠ” dict()ë¥¼ ì´ìš©í•´ ë”•ì…”ë„ˆë¦¬ë¥¼ ìƒì„±í•˜ê³  ì¶œë ¥í•œë‹¤.",choice,ê²°ê³¼ë¥¼ ìƒì„±í•  íŒŒì´ì¬ ì½”ë“œëŠ” ë¬´ì—‡ì¸ê°€ìš”?
21,21,490,instance reasoning,cross-instance attribute reasoning,What is the relative position of the brown horse to the man in the image? ,"A: The horse is behind the man, ë§ì€ ë‚¨ì ë’¤ì— ìˆë‹¤, B: The horse is in front of the man, ë§ì€ ë‚¨ì ì•ì— ìˆë‹¤, C: The horse is under the man, ë§ì€ ë‚¨ì ì•„ë˜ì— ìˆë‹¤, D: The horse is beside the man, ë§ì€ ë‚¨ì ì˜†ì— ìˆë‹¤",choice,ê°ˆìƒ‰ ë§ì˜ ìƒëŒ€ ìœ„ì¹˜ëŠ” ë¬´ì—‡ì…ë‹ˆê¹Œ?
22,22,927,logical reasoning,diagram reasoning,which of the label show maximum leaf ,"A: j ì œì´, B: k ì¼€ì´, C: h ì—ì´ì¹˜, D: g ì§€",choice,ë ˆì´ë¸” ì¤‘ ì–´ë–¤ ê²ƒì´ ìµœëŒ€ ìì„ ë³´ì—¬ì£¼ë‚˜ìš”?
23,23,515,instance reasoning,cross-instance attribute reasoning,Which of the following statements match the image? ,"A: A gray circle is to the left of a cyan shape. íšŒìƒ‰ ì›ì´ ì‹œì•ˆìƒ‰ ë„í˜•ì˜ ì™¼ìª½ì— ìˆë‹¤., B: A cyan square is to the left of a gray circle. ì‹œì•ˆìƒ‰ ì •ì‚¬ê°í˜•ì´ íšŒìƒ‰ ì›ì˜ ì™¼ìª½ì— ìˆë‹¤., C: A cyan ellipse is to the right of a gray circle. ì‹œì•ˆìƒ‰ íƒ€ì›í˜•ì´ íšŒìƒ‰ ì›ì˜ ì˜¤ë¥¸ìª½ì— ìˆë‹¤., D: A cyan circle is to the right of a circle. ì‹œì•ˆìƒ‰ ì›ì´ ì›ì˜ ì˜¤ë¥¸ìª½ì— ìˆë‹¤.",choice,ë‹¤ìŒ ì§„ìˆ ë“¤ ì¤‘ ì´ë¯¸ì§€ì™€ ì¼ì¹˜í•˜ëŠ” ê²ƒì€ ë¬´ì—‡ì…ë‹ˆê¹Œ?
24,24,39,coarse perception,image scene and topic,What is the color theme of the bathroom? ,"A: Gray and white íšŒìƒ‰ê³¼ í°ìƒ‰, B: Beige and white ë² ì´ì§€ìƒ‰ê³¼ í°ìƒ‰, C: Black and white ê²€ì€ìƒ‰ê³¼ í°ìƒ‰, D: Brown and white ê°ˆìƒ‰ê³¼ í°ìƒ‰",choice,ìš•ì‹¤ì˜ ìƒ‰ìƒ í…Œë§ˆëŠ” ë¬´ì—‡ì…ë‹ˆê¹Œ?
25,25,1394,science & technology,geography & earth science & agriculture,What stage has a speed of 1670 km/hr? ,"A: none of the above, B: B, C: C, D: A A: ìœ„ì˜ ì–´ëŠ ê²ƒë„ ì•„ë‹ˆë‹¤, B: B, C: C, D: A",choice,ì‹œì† 1670kmì¸ ì–´ë–¤ ë‹¨ê³„ê°€ ìˆë‚˜ìš”?
26,26,138,coarse perception,image scene and topic,Which is the main topic of the image ,"A: A boy skiting ì†Œë…„ì´ ìŠ¤ì¼€ì´íŠ¸ë¥¼ íƒ€ê³  ìˆëŠ”, B: A girl skiting ì†Œë…€ê°€ ìŠ¤ì¼€ì´íŠ¸ë¥¼ íƒ€ê³  ìˆëŠ”, C: A man skiting ë‚¨ìê°€ ìŠ¤ì¼€ì´íŠ¸ë¥¼ íƒ€ê³  ìˆëŠ”, D: A woman skiting ì—¬ì„±ì´ ìŠ¤ì¼€ì´íŠ¸ë¥¼ íƒ€ê³  ìˆëŠ”",choice,ì´ë¯¸ì§€ì˜ ì£¼ìš” ì£¼ì œëŠ” ë¬´ì—‡ì¸ê°€ìš”?
27,27,1095,math,statistical reasoning,"<image 1> Ten individuals went on a low-fat diet for 12 weeks to lower their cholesterol. The data are recorded in Table 10.20. At the 5% significance level, do you think that their cholesterol levels were significantly lowered? ","A: there is insufficient evidence to conclude that the medication lowered cholesterol levels after 12 weeks, ì•½ë¬¼ì´ 12ì£¼ í›„ ì½œë ˆìŠ¤í…Œë¡¤ ìˆ˜ì¹˜ë¥¼ ë‚®ì·„ë‹¤ëŠ” ê²°ë¡ ì— ì¶©ë¶„í•œ ì¦ê±°ê°€ ì—†ë‹¤ B: there is sufficient evidence to conclude that the medication lowered cholesterol levels after 12 weeks, ì•½ë¬¼ì´ 12ì£¼ í›„ ì½œë ˆìŠ¤í…Œë¡¤ ìˆ˜ì¹˜ë¥¼ ë‚®ì·„ë‹¤ëŠ” ê²°ë¡ ì— ì¶©ë¶„í•œ ì¦ê±°ê°€ ìˆë‹¤ C: not certain, í™•ì‹¤í•˜ì§€ ì•Šë‹¤ D: nan ìˆ«ìê°€ ì•„ë‹˜(nan)",choice,10ëª…ì´ ì €ì§€ë°© ì‹ì´ë¥¼ ì‹œì‘í–ˆë‹¤.
28,28,226,fine-grained perception,localization,Where is the person in the Alice in Wonderland costume located? ,"A: In the middle of the image ì´ë¯¸ì§€ì˜ ì¤‘ì•™ì—, B: Close to the right side of the image ì´ë¯¸ì§€ì˜ ì˜¤ë¥¸ìª½ ê°€ì¥ìë¦¬ ê·¼ì²˜ì—, C: Close to the left side of the image ì´ë¯¸ì§€ì˜ ì™¼ìª½ ê°€ì¥ìë¦¬ ê·¼ì²˜ì—, D: At the bottom of the image ì´ë¯¸ì§€ì˜ í•˜ë‹¨ì—",choice,ì´ìƒí•œ ë‚˜ë¼ì˜ ì•¨ë¦¬ìŠ¤ì—ì„œ ê·¸ ì‚¬ëŒì€ ì–´ë””ì— ìˆë‚˜ìš”?
29,29,1373,science & technology,geography & earth science & agriculture,What comes after the full moon? ,"A: waning cresent í•˜í˜„ì´ˆìŠ¹ë‹¬, B: 3rd quarter í•˜í˜„ë‹¬, C: waning Gibbous í•˜í˜„ë§ë‹¬, D: new moon ì‹ ì›”",choice,ë³´ë¦„ë‹¬ ë‹¤ìŒì— ì˜¤ëŠ” ê²ƒì€ ë¬´ì—‡ì¸ê°€ìš”?
30,30,498,instance reasoning,cross-instance attribute reasoning,What is the relative position of the two people playing guitars? ," A: They are standing next to each other against a wall, ê·¸ë“¤ì€ ë²½ì— ê¸°ëŒ€ì–´ ì„œë¡œ ë‚˜ë€íˆ ì„œ ìˆë‹¤, B: They are sitting on opposite sides of a table, íƒì ì–‘ìª½ì— ì•‰ì•„ ìˆë‹¤, C: They are sitting facing each other next to a window, ì°½ê°€ ì˜†ì—ì„œ ì„œë¡œ ë§ˆì£¼ ë³´ê³  ì•‰ì•„ ìˆë‹¤, D: They are standing far away from each other on a stage, ë¬´ëŒ€ ìœ„ì—ì„œ ì„œë¡œ ë©€ë¦¬ ë–¨ì–´ì ¸ ì„œ ìˆë‹¤",choice,ë‘ ì‚¬ëŒì˜ ìƒëŒ€ì ì¸ ìœ„ì¹˜ëŠ” ë¬´ì—‡ì…ë‹ˆê¹Œ?
31,31,341,fine-grained perception,recognition,How can you best describe the pillow on the chair? ,"A: Plain white í°ìƒ‰, B: Colorful and striped ë‹¤ì±„ë¡­ê³  ì¤„ë¬´ëŠ¬ê°€ ìˆëŠ”, C: Solid blue ë‹¨ìƒ‰ íŒŒë€ìƒ‰, D: Floral pattern ê½ƒë¬´ëŠ¬",choice,ì˜ì ìœ„ì˜ ë² ê°œë¥¼ ê°€ì¥ ì˜ ì„¤ëª…í•˜ëŠ” ë°©ë²•ì€ ë¬´ì—‡ì…ë‹ˆê¹Œ?
32,32,1236,science & technology,biology & chemistry & physics,Think about the magnetic force between the magnets in each pair. Which of the following statements is true? , A: The magnitude of the magnetic force is smaller in Pair 2. ìŒ 2ì—ì„œ ìê¸° í˜ì˜ í¬ê¸°ê°€ ë” ì‘ë‹¤. B: The magnitude of the magnetic force is smaller in Pair 1. ìŒ 1ì—ì„œ ìê¸° í˜ì˜ í¬ê¸°ê°€ ë” ì‘ë‹¤. C: The magnitude of the magnetic force is the same in both pairs. ë‘ ìŒì˜ ìê¸° í˜ì˜ í¬ê¸°ëŠ” ê°™ë‹¤. D: nan,choice,ìì„ ì‚¬ì´ì˜ ìê¸° í˜ì— ëŒ€í•´ ìƒê°í•´ ë³´ì„¸ìš”.
33,33,721,logical reasoning,common reasoning,Approximately what proportion of the picture is occupied by the bus in the image? ,"A: 0.8 0.8, B: 1 1, C: 0.6 0.6, D: 0.3 0.3",choice,ê·¸ë¦¼ì—ì„œ ëŒ€ëµ ì–´ëŠ ë¹„ìœ¨ì´ ì°¨ì§€í•©ë‹ˆê¹Œ?
34,34,594,instance reasoning,single-instance reasoning,The object shown in this figure: ," A: Is a colorless and odorless gas, B: Has a boiling point of -161Â°C, C: Is a greenhouse gas that contributes to climate change, D: None of these options are correct. A: ë¬´ìƒ‰ì´ê³  ëƒ„ìƒˆê°€ ì—†ëŠ” ê¸°ì²´ì´ë‹¤, B: ë“ëŠ”ì ì´ -161Â°Cì´ë‹¤, C: ê¸°í›„ ë³€í™”ì— ê¸°ì—¬í•˜ëŠ” ì˜¨ì‹¤ê°€ìŠ¤ì´ë‹¤, D: ì´ ì¤‘ ì˜³ì€ ê²ƒì€ ì—†ë‹¤.",choice,ì´ ê·¸ë¦¼ì— ë³´ì´ëŠ” ë¬¼ì²´ëŠ”:
35,35,813,logical reasoning,common reasoning,Which can be the associated text with this image posted on twitter ," A: if anyone has super mario maker 2, make sure to stop by my account and play a few of my levels. most of these levels are from 4-1 years ago, tho, i do have a super world in the works!, ë§Œì•½ ëˆ„êµ°ê°€ê°€ ìŠˆí¼ ë§ˆë¦¬ì˜¤ ë©”ì´ì»¤ 2ë¥¼ ê°€ì§€ê³  ìˆë‹¤ë©´ ì œ ê³„ì •ì— ë“¤ëŸ¬ ì œ ë ˆë²¨ ì¤‘ ëª‡ ê°œë¥¼ í”Œë ˆì´í•´ ë³´ì„¸ìš”. ì´ ë ˆë²¨ë“¤ ì¤‘ ëŒ€ë¶€ë¶„ì€ 4ë…„ì—ì„œ 1ë…„ ì „ì˜ ê²ƒë“¤ì´ì—ìš”, ë‹¤ë§Œ ì œê°€ ì‘ì—… ì¤‘ì¸ ìŠˆí¼ ì›”ë“œê°€ ìˆìŠµë‹ˆë‹¤!, B: 2017å¹´10æœˆ27æ—¥ç™ºå£²ã®Nintendo Switchã‚½ãƒ•ãƒˆã€ã‚¹ãƒ¼ãƒ‘ãƒ¼ãƒãƒªã‚ª ã‚ªãƒ‡ãƒƒã‚»ã‚¤ã€ã®å…¬å¼ã‚¢ã‚«ã‚¦ãƒ³ãƒˆã§ã™ã€‚3Dãƒãƒªã‚ªæœ€æ–°ä½œã€ã‚¹ãƒ¼ãƒ‘ãƒ¼ãƒãƒªã‚ª ã‚ªãƒ‡ãƒƒã‚»ã‚¤ã€ã«é–¢ã™ã‚‹ã‚²ãƒ¼ãƒ æƒ…å ±ã‚„ãŠçŸ¥ã‚‰ã›ã‚’ãƒ‡ã‚£ãƒ¬ã‚¯ã‚¿ãƒ¼ã®å…ƒå€‰ãŒãŠä¼ãˆã—ã¾ã™ã€‚ â€»ã”è³ªå•ãƒ»ãŠå•ã„åˆã‚ã›ã«ã¯ãŠç­”ãˆã—ã¦ãŠã‚Šã¾ã›ã‚“ã®ã§ã”å®¹èµ¦ãã ã•ã„ã€‚, 2017ë…„ 10ì›” 27ì¼ ë°œë§¤ëœ ë‹Œí…ë„ ìŠ¤ìœ„ì¹˜ ì†Œí”„íŠ¸ì›¨ì–´ ã€ìŠˆí¼ ë§ˆë¦¬ì˜¤ ì˜¤ë””ì„¸ì´ã€ì˜ ê³µì‹ ê³„ì •ì…ë‹ˆë‹¤. 3D ë§ˆë¦¬ì˜¤ ìµœì‹ ì‘ ã€ìŠˆí¼ ë§ˆë¦¬ì˜¤ ì˜¤ë””ì„¸ì´ã€ì— ê´€í•œ ê²Œì„ ì •ë³´ë‚˜ ê³µì§€ë¥¼ ë””ë ‰í„° ëª¨í† ì¿ ë¼ê°€ ì „í•©ë‹ˆë‹¤. â€»ì§ˆë¬¸Â·ë¬¸ì˜ì—ëŠ” ë‹µë³€í•˜ì§€ ì•Šìœ¼ë¯€ë¡œ ì–‘í•´ ë¶€íƒë“œë¦½ë‹ˆë‹¤., C: happy tears of the kingdom day!! #kirby #zelda, ì™•êµ­ì˜ ë‚ ì— í–‰ë³µí•œ ëˆˆë¬¼!! #kirby #zelda, D: See You In July - Kirby Gamble Galaxy Stories #Kirby #Nintendo #Gamedev #GameDesign #ã‚«ãƒ¼ãƒ“ã‚£ #æ˜Ÿã®ã‚«ãƒ¼ãƒ“ã‚£ #Fangame #Fanart #IndieDev #GameMaker #gamedevelopment #Fanart, 7ì›”ì— ë‹¤ì‹œ ë§Œë‚˜ìš” - ì»¤ë¹„ ê°¬ë¸” ê°¤ëŸ­ì‹œ ìŠ¤í† ë¦¬ #Kirby #Nintendo #Gamedev #GameDesign #ã‚«ãƒ¼ãƒ“ã‚£ #æ˜Ÿã®ã‚«ãƒ¼ãƒ“ã‚£ #Fangame #Fanart #IndieDev #GameMaker #gamedevelopment #Fanart",choice,ë‹¤ìŒ ì´ë¯¸ì§€ì— ì—°ê²°ë  ìˆ˜ ìˆëŠ” í…ìŠ¤íŠ¸ëŠ” ë¬´ì—‡ì…ë‹ˆê¹Œ?
36,36,588,instance reasoning,single-instance reasoning,How many people are in the car in the image? ,"A: Three, B: Five, C: Four, D: Six A: ì„¸ ëª…, B: ë‹¤ì„¯ ëª…, C: ë„¤ ëª…, D: ì—¬ì„¯ ëª…",choice,ì´ë¯¸ì§€ ì† ìë™ì°¨ ì•ˆì— ëª‡ ëª…ì´ ìˆë‚˜ìš”?
37,37,151,coarse perception,image scene and topic,Which of the following objects is the closest to the apple in the image? ,"A: Grilled caramel apple crunch on tin foil ì•Œë£¨ë¯¸ëŠ„ í¬ì¼ ìœ„ì˜ êµ¬ìš´ ì¹´ë¼ë©œ ì‚¬ê³¼ í¬ëŸ°ì¹˜, B: Small jar in the middle ê°€ìš´ë° ì‘ì€ ë³‘, C: White and black wax paper í°ìƒ‰ê³¼ ê²€ì€ìƒ‰ ì™ìŠ¤í˜ì´í¼, D: None of the above ìœ„ì˜ ì–´ëŠ ê²ƒë„ ì•„ë‹ˆë‹¤",choice,ë‹¤ìŒ ì¤‘ ì–´ë–¤ ë¬¼ì²´ê°€ ê°€ì¥ ê°€ê¹Œìš´ê°€ìš”?
38,38,1212,science & technology,biology & chemistry & physics,"In this food web, which organism contains matter that eventually moves to the earthworm? ","A: mushroom ë²„ì„¯, B: barren-ground caribou í™©ë¬´ì§€ ìˆœë¡, C: parasitic jaeger ê¸°ìƒ ì¬ê±°, D: grizzly bear ê·¸ë¦¬ì¦ë¦¬ ê³°",choice,ì´ ë¨¹ì´ ê·¸ë¬¼ì—ì„œ ì–´ë–¤ ìƒë¬¼ì´ mattë¥¼ í¬í•¨í•˜ê³  ìˆìŠµë‹ˆê¹Œ?
39,39,214,fine-grained perception,localization,What is the position of the red rug in the living room? ," A: Under the couch, B: In front of the sliding glass door, C: Under the table, D: In the corner of the room A: ì†ŒíŒŒ ì•„ë˜ì—, B: ìŠ¬ë¼ì´ë”© ìœ ë¦¬ë¬¸ ì•ì—, C: íƒì ì•„ë˜ì—, D: ë°©ì˜ êµ¬ì„ì—",choice,ê±°ì‹¤ì—ì„œ ë¹¨ê°„ìƒ‰ ì–‘íƒ„ìì˜ ìœ„ì¹˜ëŠ” ì–´ë””ì¸ê°€ìš”?
40,40,119,coarse perception,image scene and topic,What kind of environment is depicted in the image? ,"A: A historical site ì—­ì‚¬ì  ì¥ì†Œ, B: A religious location ì¢…êµì  ì¥ì†Œ, C: A residential area ì£¼ê±° ì§€ì—­, D: A garden ì •ì›",choice,ì´ë¯¸ì§€ì— ë¬˜ì‚¬ëœ í™˜ê²½ì€ ì–´ë–¤ ì¢…ë¥˜ì…ë‹ˆê¹Œ?
41,41,1220,science & technology,biology & chemistry & physics,"Select for the following pharmacokinetic phenomena <image 1> <image 2> <image 3>, the relevant optical representation. Transdermal absorption by active transport "," A: Graph 1 ê·¸ë˜í”„ 1, B: Graph 2 ê·¸ë˜í”„ 2, C: Graph 3 ê·¸ë˜í”„ 3, D: nan nan",choice,ë‹¤ìŒì˜ ì•½ë™í•™ì  í‘œí˜„í˜•ì„ ì„ íƒí•˜ì‹­ì‹œì˜¤.
42,42,667,instance reasoning,single-instance reasoning,Which is a full grown plant? ,"A: d ë””, B: b ë¹„, C: c ì”¨, D: a ì—ì´",choice,ì–´ë–¤ ê²ƒì´ ì™„ì „íˆ ìë€ ì‹ë¬¼ì…ë‹ˆê¹Œ?
43,43,472,instance reasoning,cross-instance attribute reasoning,What direction is Syria in the Mediterranean Sea? ,"  A: east, B: south, C: west, D: north A: ë™, B: ë‚¨, C: ì„œ, D: ë¶",choice,ì‹œë¦¬ì•„ëŠ” ì§€ì¤‘í•´ì—ì„œ ì–´ëŠ ë°©í–¥ì— ìˆìŠµë‹ˆê¹Œ?
44,44,1385,science & technology,geography & earth science & agriculture,What is the name of the stage at letter B? ,"A: crescent moon, B: new moon, C: full moon, D: waxing gibbous A: ì´ˆìŠ¹ë‹¬, B: ì‹ ì›”, C: ë³´ë¦„ë‹¬, D: ìƒí˜„ë‹¬",choice,ë¬¸ì Bì— í•´ë‹¹í•˜ëŠ” ìœ„ìƒì˜ ì´ë¦„ì€ ë¬´ì—‡ì…ë‹ˆê¹Œ?
45,45,1397,science & technology,geography & earth science & agriculture,What stage of the Earth's orbit is shown at letter F? ," A: December Solstice 12ì›” ë™ì§€, B: September Equinox 9ì›” ì¶”ë¶„, C: June Solstice 6ì›” í•˜ì§€, D: March Equinox 3ì›” ì¶˜ë¶„",choice,ì§€êµ¬ì˜ ê¶¤ë„ì—ì„œ ì™¼ìª½ì— í‘œì‹œëœ ë‹¨ê³„ëŠ” ë¬´ì—‡ì…ë‹ˆê¹Œ?
46,46,1363,science & technology,electronics & energy & mechanical eng.,Think about the magnetic force between the magnets in each pair. Which of the following statements is true? ,"A: The magnitude of the magnetic force is the same in both pairs. ë‘ ìŒì—ì„œ ìê¸° í˜ì˜ í¬ê¸°ëŠ” ê°™ë‹¤., B: The magnitude of the magnetic force is greater in Pair 2. ìŒ 2ì—ì„œ ìê¸° í˜ì˜ í¬ê¸°ê°€ ë” í¬ë‹¤., C: The magnitude of the magnetic force is greater in Pair 1. ìŒ 1ì—ì„œ ìê¸° í˜ì˜ í¬ê¸°ê°€ ë” í¬ë‹¤., D: nan ìˆ«ìê°€ ì•„ë‹˜",choice,ìì„ë“¤ ì‚¬ì´ì˜ ìê¸° í˜ì— ëŒ€í•´ ìƒê°í•´ ë³´ì„¸ìš”.
47,47,193,coarse perception,image style & quality,what style is depicted in this image? ,"A: impressionism ì¸ìƒì£¼ì˜, B: post-Impressionism í›„ê¸° ì¸ìƒì£¼ì˜, C: modernism ëª¨ë”ë‹ˆì¦˜, D: dadaism ë‹¤ë‹¤ì´ì¦˜",choice,ì´ ì´ë¯¸ì§€ì— ë¬˜ì‚¬ëœ ìŠ¤íƒ€ì¼ì€ ë¬´ì—‡ì…ë‹ˆê¹Œ?
48,48,531,instance reasoning,cross-instance attribute reasoning,which image is more colorful? ,"A: The first image ì²« ë²ˆì§¸ ì´ë¯¸ì§€, B: The second image ë‘ ë²ˆì§¸ ì´ë¯¸ì§€, C: nan nan, D: nan nan",choice,ì–´ë–¤ ì´ë¯¸ì§€ê°€ ë” ë‹¤ì±„ë¡­ìŠµë‹ˆê¹Œ?
49,49,95,coarse perception,image scene and topic,What is the predominant color in the image? ,"A: White í°ìƒ‰, B: Red ë¹¨ê°„ìƒ‰, C: Blue íŒŒë€ìƒ‰, D: Silver ì€ìƒ‰",choice,ì´ë¯¸ì§€ì—ì„œ ì§€ë°°ì ì¸ ìƒ‰ìƒì€ ë¬´ì—‡ì…ë‹ˆê¹Œ?
50,50,898,logical reasoning,diagram reasoning,What is the name of the colony shown? ,"A: New York, B: Connecticut, C: New Hampshire, D: Massachusetts A: ë‰´ìš• ì£¼, B: ì½”ë„¤í‹°ì»· ì£¼, C: ë‰´í–„í”„ì…” ì£¼, D: ë§¤ì‚¬ì¶”ì„¸ì¸  ì£¼",choice,ë³´ì—¬ì§„ ì‹ë¯¼ì§€ì˜ ì´ë¦„ì€ ë¬´ì—‡ì…ë‹ˆê¹Œ?
51,51,437,fine-grained perception,recognition,Which can be the associated text with this image posted on twitter ,"A: Morning: Memeland Evening: Jay Chou 7 sold out nights in #hongkong #JayChou  ì•„ì¹¨: Memeland ì €ë…: Jay Chou í™ì½©ì—ì„œ ë§¤ì§„ëœ 7ê°œì˜ ë°¤ #hongkong #JayChou, B: We will be streaming our Mayday [ Live In the Sky ] online concert tomorrow night: http://bit.ly/YTBinMusic . We go on at 20:00 (GMT+8) May 31st. See you online then.  ë‚´ì¼ ë°¤ ìš°ë¦¬ Mayday [ Live In the Sky ] ì˜¨ë¼ì¸ ì½˜ì„œíŠ¸ë¥¼ ìŠ¤íŠ¸ë¦¬ë°í•  ì˜ˆì •: http://bit.ly/YTBinMusic . 5ì›” 31ì¼ 20:00 (GMT+8)ì— ì‹œì‘í•©ë‹ˆë‹¤. ê·¸ë•Œ ì˜¨ë¼ì¸ì—ì„œ ëµ™ê² ìŠµë‹ˆë‹¤., C: my little airport ğŸ«¶ğŸ¼  ë‚´ ì‘ì€ ê³µí•­ ğŸ«¶ğŸ¼, D: Run to Victoria Harbor at nightğŸ˜…  ë°¤ì— ë¹…í† ë¦¬ì•„ í•˜ë²„ë¡œ ë‹¬ë¦¬ê¸° ğŸ˜…",choice,ë‹¤ìŒ ì¤‘ ì´ ì´ë¯¸ì§€ì™€ ì—°ê²°ë  ìˆ˜ ìˆëŠ” í…ìŠ¤íŠ¸ëŠ” ë¬´ì—‡ì…ë‹ˆê¹Œ?
52,52,296,fine-grained perception,object counting,How many people are there in the image? ,"A: 0 0, B: 1 1, C: 2 2, D: 3 3",choice,ì´ë¯¸ì§€ì— ëª‡ ëª…ì´ ìˆë‚˜ìš”?
53,53,169,coarse perception,image style & quality,Which category does this image belong to? ," A: MRI image MRI ì´ë¯¸ì§€, B: icon ì•„ì´ì½˜, C: microscopic image í˜„ë¯¸ê²½ ì´ë¯¸ì§€, D: abstract painting ì¶”ìƒí™”",choice,ì´ ì´ë¯¸ì§€ëŠ” ì–´ë–¤ ë²”ì£¼ì— ì†í•˜ë‚˜ìš”?
54,54,627,instance reasoning,single-instance reasoning,What's the function of the demonstrated object? ,"A: display information in pictorial or textual form ê·¸ë¦¼ì´ë‚˜ í…ìŠ¤íŠ¸ í˜•íƒœë¡œ ì •ë³´ë¥¼ í‘œì‹œ, B: project images or videos onto a larger surface ë” í° í‘œë©´ì— ì´ë¯¸ì§€ë‚˜ ë¹„ë””ì˜¤ë¥¼ íˆ¬ì‚¬, C: watch TV shows TV í”„ë¡œê·¸ë¨ì„ ì‹œì²­í•˜ë‹¤, D: display digital photos in a slideshow format. ë””ì§€í„¸ ì‚¬ì§„ì„ ìŠ¬ë¼ì´ë“œì‡¼ í˜•ì‹ìœ¼ë¡œ í‘œì‹œ",choice,ì‹œì—°ëœ ë¬¼ì²´ì˜ ê¸°ëŠ¥ì€ ë¬´ì—‡ì…ë‹ˆê¹Œ?
55,55,334,fine-grained perception,recognition,Can you see a flag in the image? ,"A: Yes, it's in the middle of the frame, ë„¤, í”„ë ˆì„ì˜ ì¤‘ì•™ì— ìˆìŠµë‹ˆë‹¤, B: Yes, it's close to the bottom left corner, ë„¤, í”„ë ˆì„ì˜ ì™¼ìª½ í•˜ë‹¨ ëª¨ì„œë¦¬ ìª½ì— ìˆìŠµë‹ˆë‹¤, C: No, there's no flag in the image, ì•„ë‹ˆìš”, ì´ë¯¸ì§€ì— ê¹ƒë°œì´ ì—†ìŠµë‹ˆë‹¤, D: Yes, it's to the right of the frame, ë„¤, í”„ë ˆì„ì˜ ì˜¤ë¥¸ìª½ì— ìˆìŠµë‹ˆë‹¤",choice,ì´ë¯¸ì§€ì—ì„œ ê¹ƒë°œì´ ë³´ì´ë‚˜ìš”?
56,56,499,instance reasoning,cross-instance attribute reasoning,What is the relative position of the window to the shutters on the building in the image? ,"A: The window is above the shutters, ì°½ë¬¸ì€ ì…”í„° ìœ„ì— ìˆë‹¤, B: The window is on the same level as the shutters, ì°½ë¬¸ì€ ì…”í„°ì™€ ê°™ì€ ë†’ì´ì— ìˆë‹¤, C: The window is below the shutters, ì°½ë¬¸ì€ ì…”í„° ì•„ë˜ì— ìˆë‹¤, D: The window is to the left of the shutters, ì°½ë¬¸ì€ ì…”í„°ì˜ ì™¼ìª½ì— ìˆë‹¤",choice,ì°½ë¬¸ì´ ì…”í„°ì— ëŒ€í•´ ì–´ë–¤ ìƒëŒ€ì  ìœ„ì¹˜ì— ìˆìŠµë‹ˆê¹Œ?
57,57,171,coarse perception,image style & quality,Which category does this image belong to? ,"A: MRI image, B: icon, C: microscopic image, D: abstract painting A: MRI ì´ë¯¸ì§€, B: ì•„ì´ì½˜, C: í˜„ë¯¸ê²½ ì´ë¯¸ì§€, D: ì¶”ìƒí™”",choice,ì´ ì´ë¯¸ì§€ëŠ” ì–´ë–¤ ë²”ì£¼ì— ì†í•˜ë‚˜ìš”?
58,58,1284,science & technology,biology & chemistry & physics,Which is the stem? ," A: None of these ì´ë“¤ ì¤‘ ì–´ëŠ ê²ƒë„ ì•„ë‹ˆë‹¤, B: A A, C: B B, D: C C",choice,ì–´ë–¤ ê²ƒì´ ì¤„ê¸°ì…ë‹ˆê¹Œ?
59,59,724,logical reasoning,common reasoning,"Based on the lighting, what time of day does it appear to be in the image? ","A: Late afternoon, B: Morning, C: Evening, D: Night A: ëŠ¦ì€ ì˜¤í›„, B: ì•„ì¹¨, C: ì €ë…, D: ë°¤",choice,ì¡°ëª…ì— ë”°ë¼ ì–´ëŠ ì‹œê°„ëŒ€ì¸ê°€ìš”?
60,60,505,instance reasoning,cross-instance attribute reasoning,Which image is more brightful? ,"A: The first image ì²« ë²ˆì§¸ ì´ë¯¸ì§€, B: The second image ë‘ ë²ˆì§¸ ì´ë¯¸ì§€, C: nan, D: nan",choice,ì–´ë–¤ ì´ë¯¸ì§€ê°€ ë” ë°ìŠµë‹ˆê¹Œ?
61,61,1333,science & technology,electronics & energy & mechanical eng.,"An acetal polymer block is fixed to the rigid plates at its top and bottom surfaces. If the top plate displaces 2 mm horizontally when it is subjected to a horizontal force P=2 kN, determine the shear modulus of the polymer. The width of the block is 100 mm. Assume that the polymer is linearly elastic and use small angle analysis. <image 1> ","A: 15 MPa, B: 5 MPa, C: 20 MPa, D: 2 MPa A: 15 MPa, B: 5 MPa, C: 20 MPa, D: 2 MPa",choice,ê°•ì²´ì— ê³ ì •ëœ ì•„ì„¸íƒˆ í´ë¦¬ë¨¸ ë¸”ë¡
62,62,305,fine-grained perception,object counting,How many persons are playing guitar in the concert? ,"A: 1 1, B: 2 2, C: 3 3, D: 4 4",choice,ì½˜ì„œíŠ¸ì—ì„œ ê¸°íƒ€ë¥¼ ì—°ì£¼í•˜ëŠ” ì‚¬ëŒì€ ëª‡ ëª…ì…ë‹ˆê¹Œ?
63,63,1171,math,statistical reasoning,"Kimpel Products makes pizza ovens for commercial use. James Kimpel, CEO, is contemplating producing smaller ovens for use in high school and college kitchens. The activities necessary to build an experimental model and related data are given in the following table: <image 1> What is the project completion date? ","A: Slacks are: 0, 2, 11, 0, 2, 11, 0 ìŠ¬ë™ì€: 0, 2, 11, 0, 2, 11, 0 B: Slacks are: 0, 3, 10, 0, 3, 10, 0 ìŠ¬ë™ì€: 0, 3, 10, 0, 3, 10, 0 C: Slacks are: 0, 4, 9, 0, 4, 9, 0 ìŠ¬ë™ì€: 0, 4, 9, 0, 4, 9, 0 D: Slacks are: 0, 5, 11, 0, 5, 11, 0 ìŠ¬ë™ì€: 0, 5, 11, 0, 5, 11, 0",choice,Kimpel ProductsëŠ” ìƒì—…ìš© í”¼ì ì˜¤ë¸ì„ ì œì¡°í•©ë‹ˆë‹¤.
64,64,75,coarse perception,image scene and topic,What is the main object in the image? ,"A: The guitar ê¸°íƒ€, B: The man ë‚¨ì, C: The woman ì—¬ì, D: The person on stage ë¬´ëŒ€ì— ì„  ì‚¬ëŒ",choice,ì´ë¯¸ì§€ì—ì„œ ê°€ì¥ ì¤‘ìš”í•œ ì‚¬ë¬¼ì€ ë¬´ì—‡ì…ë‹ˆê¹Œ?
65,65,149,coarse perception,image scene and topic,Which of the following captions best describes this image? ,"A: A person playing a guitar on a stage A: ë¬´ëŒ€ì—ì„œ ê¸°íƒ€ë¥¼ ì—°ì£¼í•˜ëŠ” ì‚¬ëŒ, B: A group of people dancing at a party B: íŒŒí‹°ì—ì„œ ì¶¤ì¶”ëŠ” ì‚¬ëŒë“¤, C: A singer performing on a microphone C: ë§ˆì´í¬ ì•ì—ì„œ ë…¸ë˜í•˜ëŠ” ê°€ìˆ˜, D: A person playing a piano in a studio D: ìŠ¤íŠœë””ì˜¤ì—ì„œ í”¼ì•„ë…¸ë¥¼ ì—°ì£¼í•˜ëŠ” ì‚¬ëŒ",choice,ë‹¤ìŒ ìº¡ì…˜ ì¤‘ ì–´ë–¤ ê²ƒì´ ê°€ì¥ ì˜ ì„¤ëª…í•©ë‹ˆê¹Œ?
66,66,1047,math,numeric commonsense and calculation,A standing wave pattern is established in a string as shown. The wavelength of one of the component traveling waves is:<image 1> ,"A: 0.25 m, B: 0.5 m, C: 4 m, D: 2 m A: 0.25 m, B: 0.5 m, C: 4 m, D: 2 m",choice,í˜„ì—ì„œ ì •ì¬íŒŒê°€ í˜•ì„±ëœë‹¤.
67,67,704,logical reasoning,code & sequence reasoning,What is correct Python code to generate the content of the image? ,"A: class Person:\n def __init__(self, fname, lname):\n self.firstname = fname\n self.lastname = lname\n\n def printname(self):\n print(self.firstname, self.lastname)\n\n#Use the Person class to create an object, and then execute the printname method:\n\nx = Person(\""John\"", \""Doe\"")\nx.printname()\n í•œêµ­ì–´ ì„¤ëª…: Person í´ë˜ìŠ¤ë¥¼ ì •ì˜í•˜ê³  ê°ì²´ë¥¼ ë§Œë“¤ì–´ printname ë©”ì„œë“œë¥¼ í˜¸ì¶œí•˜ëŠ” ì˜ˆì œ. , B: mystr = \""banana\""\nmyit = iter(mystr)\n\nprint(next(myit))\nprint(next(myit))\nprint(next(myit))\nprint(next(myit))\nprint(next(myit))\nprint(next(myit))  í•œêµ­ì–´ ì„¤ëª…: ë¬¸ìì—´ì—ì„œ ì´í„°ë ˆì´í„°ë¥¼ ìƒì„±í•˜ê³  ê° next() í˜¸ì¶œë¡œ ë¬¸ìë¥¼ ì°¨ë¡€ë¡œ ì¶œë ¥í•˜ëŠ” ì˜ˆì œ. , C: def my_function():\n print(\""Hello from a function\"")\n \nmy_function()\n í•œêµ­ì–´ ì„¤ëª…: í•¨ìˆ˜ ì •ì˜ ë° í˜¸ì¶œì˜ ê°„ë‹¨í•œ ì˜ˆì œ. , D: x = min(5, 10, 25)\ny = max(5, 10, 25)\n\nprint(x)\nprint(y)\n í•œêµ­ì–´ ì„¤ëª…: ìµœì†Œê°’ê³¼ ìµœëŒ€ê°’ì„ êµ¬í•˜ê³  ì¶œë ¥í•˜ëŠ” ì˜ˆì œ.",choice,ë‹¤ìŒì€ co...ë¥¼ ìƒì„±í•˜ê¸° ìœ„í•œ ì˜¬ë°”ë¥¸ Python ì½”ë“œê°€ ë¬´ì—‡ì¸ê°€ìš”?
68,68,1253,science & technology,biology & chemistry & physics,What is represented by letter B? ,"A: Water ë¬¼, B: Light Energy ë¹› ì—ë„ˆì§€, C: Oxygen ì‚°ì†Œ, D: Carbon Dioxide ì´ì‚°í™”íƒ„ì†Œ",choice,Bë¡œ í‘œì‹œëœ ê²ƒì€ ë¬´ì—‡ì„ ë‚˜íƒ€ë‚´ë‚˜ìš”?
69,69,1283,science & technology,biology & chemistry & physics,Which is also known as the wind pipe? ,"A: e, B: b, C: a, D: c A: ì´, B: ë¹„, C: ì—, D: ì‹œ",choice,ë‹¤ìŒ ì¤‘ wind pipeë¡œë„ ì•Œë ¤ì§„ ê²ƒì€ ë¬´ì—‡ì…ë‹ˆê¹Œ?
70,70,11,coarse perception,image emotion,What motion this image want to convey? ,"A: happy í–‰ë³µí•œ, B: angry í™”ë‚œ, C: sad ìŠ¬í”ˆ, D: terrified ê²ì— ì§ˆë¦°",choice,ì´ ì´ë¯¸ì§€ê°€ ì „ë‹¬í•˜ë ¤ëŠ” ë™ì‘ì€ ë¬´ì—‡ì¸ê°€?
71,71,277,fine-grained perception,object counting,How many paintings are in the image? ,"A: 0, B: 2, C: 1, D: 3 A: 0, B: 2, C: 1, D: 3",choice,ê·¸ ì´ë¯¸ì§€ì—ëŠ” ê·¸ë¦¼ì´ ëª‡ ì ì´ë‚˜ ìˆë‚˜ìš”?
72,72,81,coarse perception,image scene and topic,What is the main theme of the image? ," A: Bearded men ìˆ˜ì—¼ ë‚œ ë‚¨ìë“¤, B: Bathroom hygiene ìš•ì‹¤ ìœ„ìƒ, C: Royal monarchy ì™•ì •, D: Home decor ê°€ì • ì¥ì‹",choice,ì´ë¯¸ì§€ì˜ ì£¼ìš” ì£¼ì œëŠ” ë¬´ì—‡ì¸ê°€ìš”?
73,73,1294,science & technology,biology & chemistry & physics,Which letter corresponds to the stage where two different daughter cells are formed? ," A: D ë””, B: B ë¹„, C: A ì—ì´, D: C ì”¨",choice,ì–´ë–¤ ë¬¸ìê°€ tw... ë‹¨ê³„ì— í•´ë‹¹í•©ë‹ˆê¹Œ?
74,74,1227,science & technology,biology & chemistry & physics,The following ECG was obtained from a dog. What is your rhythm diagnosis? <image 1> ,"A: Ventricular preexcitation syndrome ì‹¬ì‹¤ ì¡°ê¸°í¥ë¶„ ì¦í›„êµ°, B: Ventricular fibrillation ì‹¬ì‹¤ì„¸ë™, C: Sustained ventricular tachycardia ì§€ì†ì„± ì‹¬ì‹¤ë¹ˆë§¥, D: Accelerated idioventricular rhythm ê°€ì†ëœ ì‹¬ì‹¤ì„± ë¦¬ë“¬",choice,ë‹¤ìŒ ì‹¬ì „ë„ëŠ” ê°œë¡œë¶€í„° ì–»ì€ ê²ƒì…ë‹ˆë‹¤.
75,75,624,instance reasoning,single-instance reasoning,What's the function of the demonstrated object? ,"A: Separatist ë¶„ë¦¬ì£¼ì˜ì, B: Clamping í´ë¨í•‘, C: drill ë“œë¦´, D: incise ì ˆê°œ",choice,ì‹œì—°ëœ ë¬¼ì²´ì˜ ê¸°ëŠ¥ì€ ë¬´ì—‡ì…ë‹ˆê¹Œ...?
76,76,34,coarse perception,image scene and topic,What is happening in the image? ,"A: A football player is tackling a soccer player, í’‹ë³¼ ì„ ìˆ˜ê°€ ì¶•êµ¬ ì„ ìˆ˜ë¥¼ íƒœí´í•˜ê³  ìˆë‹¤, B: A soccer player is kicking a football, ì¶•êµ¬ ì„ ìˆ˜ê°€ ì¶•êµ¬ê³µì„ ì°¨ê³  ìˆë‹¤, C: A group of men are playing soccer, ì—¬ëŸ¬ ë‚¨ìë“¤ì´ ì¶•êµ¬ë¥¼ í•˜ê³  ìˆë‹¤, D: A football player is dribbling the ball towards the goal, í’‹ë³¼ ì„ ìˆ˜ê°€ ê³¨ëŒ€ ë°©í–¥ìœ¼ë¡œ ê³µì„ ë“œë¦¬ë¸”í•˜ê³  ìˆë‹¤",choice,ì´ë¯¸ì§€ì—ì„œ ë¬´ìŠ¨ ì¼ì´ ì¼ì–´ë‚˜ê³  ìˆë‚˜ìš”?
77,77,1422,science & technology,geography & earth science & agriculture,Which planet is depicted by label G? ,"A: Mars, B: Venus, C: Earth, D: Mercury A: í™”ì„±, B: ê¸ˆì„±, C: ì§€êµ¬, D: ìˆ˜ì€",choice,ë ˆì´ë¸” Gë¡œ í‘œì‹œëœ í–‰ì„±ì€ ë¬´ì—‡ì…ë‹ˆê¹Œ?
78,78,415,fine-grained perception,recognition,What is the name of the place shown? ,"A: Virginia ë²„ì§€ë‹ˆì•„, B: Michigan ë¯¸ì‹œê°„, C: Kentucky ì¼„í„°í‚¤, D: Maryland ë©”ë¦´ëœë“œ",choice,ì œì‹œëœ ì¥ì†Œì˜ ì´ë¦„ì€ ë¬´ì—‡ì…ë‹ˆê¹Œ?
79,79,1231,science & technology,biology & chemistry & physics,The organelle labeled D is called ,"A: Cell membrane, B: Cytoplasm, C: Nuclear membrane, D: Cytoskeleton A: ì„¸í¬ë§‰, B: ì„¸í¬ì§ˆ, C: í•µë§‰, D: ì„¸í¬ê³¨ê²©",choice,Dë¡œ í‘œì‹œëœ ì†Œê¸°ê´€ì˜ ì´ë¦„ì€ ë¬´ì—‡ì…ë‹ˆê¹Œ?
80,80,810,logical reasoning,common reasoning,Where is the woman holding her belly in the image? ,"A: With both hands ì–‘ì†ìœ¼ë¡œ, B: With her right hand ì˜¤ë¥¸ì†ìœ¼ë¡œ, C: With her left hand ì™¼ì†ìœ¼ë¡œ, D: She's not holding her belly ê·¸ë…€ëŠ” ë°°ë¥¼ ë“¤ê³  ìˆì§€ ì•Šë‹¤",choice,ì´ë¯¸ì§€ì—ì„œ ì—¬ìê°€ ë°°ë¥¼ ë“¤ê³  ìˆëŠ” ìœ„ì¹˜ëŠ” ì–´ë””ì¸ê°€ìš”?
81,81,553,instance reasoning,cross-instance relation reasoning,What is the most curved beak species? ,"A: iiki, B: swallow-tanager, C: cliff swallow, D: hawfinch A: ì•„ì´í‚¤, B: ì œë¹„-íƒ„ê°€ë¥´ìƒˆ, C: ì ˆë²½ì œë¹„, D: í°ë¶€ë¦¬ë”±ìƒˆ",choice,ê°€ì¥ ê³¡ì„  ëª¨ì–‘ì˜ ë¶€ë¦¬ë¥¼ ê°€ì§„ ì¢…ì€ ë¬´ì—‡ì…ë‹ˆê¹Œ?
82,82,808,logical reasoning,common reasoning,What will happen next? ,"A: this person is gonna cry, ì´ ì‚¬ëŒì´ ìš¸ ê²ƒ ê°™ë‹¤, B: this person is gonna laugh, ì´ ì‚¬ëŒì´ ì›ƒì„ ê²ƒ ê°™ë‹¤, C: this person is gonna get mad, ì´ ì‚¬ëŒì´ í™”ê°€ ë‚  ê²ƒì´ë‹¤, D: both A,B, and C, A, B, ë° C ëª¨ë‘",choice,ë‹¤ìŒì— ë¬´ìŠ¨ ì¼ì´ ì¼ì–´ë‚ ê¹Œìš”?
83,83,585,instance reasoning,single-instance reasoning,How is the model's leg positioned in the image? ,"A: Crossed, B: Straight, C: Raised, D: Bent A: êµì°¨ëœ, B: ì§ì„ ì˜, C: ì˜¬ë ¤ì§„, D: êµ¬ë¶€ë¦°",choice,ì´ë¯¸ì§€ì—ì„œ ëª¨ë¸ì˜ ë‹¤ë¦¬ëŠ” ì–´ë–»ê²Œ ìœ„ì¹˜í•˜ê³  ìˆë‚˜ìš”?
84,84,562,instance reasoning,cross-instance relation reasoning,Which group has a notched outline? ,"A: A, B: D, C: B, D: C A: ì—ì´, B: ë””, C: ë¹„, D: ì”¨",choice,ì–´ë–¤ ê·¸ë£¹ì´ í™ˆì´ íŒŒì¸ ìœ¤ê³½ì„ ì„ ê°€ì§€ê³  ìˆë‚˜ìš”?
85,85,274,fine-grained perception,object counting,How many musical instruments can be seen in the image? ,"A: One í•˜ë‚˜, B: Four ë„·, C: Three ì…‹, D: Two ë‘˜",choice,ë³´ì´ëŠ” ì•…ê¸°ì˜ ìˆ˜ëŠ” ëª‡ ê°œì¸ê°€ìš”?
86,86,1044,math,geometry,The volume of which object can be calculated using the formula in the figure? ,"A: Cuboid. A: ì§ìœ¡ë©´ì²´., B: Cylinder. B: ì›í†µ., C: Cone. C: ì›ë¿”., D: Sphere. D: êµ¬ì²´.",choice,ë‹¤ìŒ ë¬¼ì²´ì˜ ë¶€í”¼ëŠ” ë¬´ì—‡ì„ ì‚¬ìš©í•˜ì—¬ ê³„ì‚°í•  ìˆ˜ ìˆë‚˜ìš”?
87,87,304,fine-grained perception,object counting,How many people in the image have a visible smile? ," A: Two, B: Four, C: Three, D: Five A: Two ë‘˜, B: Four ë„¤, C: Three ì…‹, D: Five ë‹¤ì„¯",choice,ì‚¬ì§„ ì†ì—ì„œ ë³´ì´ëŠ” ë¯¸ì†Œë¥¼ ê°€ì§„ ì‚¬ëŒì´ ëª‡ ëª…ì…ë‹ˆê¹Œ?
88,88,572,instance reasoning,cross-instance relation reasoning,Which solution has a higher concentration of blue particles? ,"A: Solution A ìš©ì•¡ A, B: Solution B ìš©ì•¡ B, C: neither; their concentrations are the same ë‘˜ ë‹¤ ì•„ë‹ˆë‹¤; ë†ë„ê°€ ê°™ìŠµë‹ˆë‹¤, D: nan ê°’ì´ ì—†ìŠµë‹ˆë‹¤",choice,b...ì˜ ë†ë„ê°€ ë” ë†’ì€ ìš©ì•¡ì€ ì–´ëŠ ê²ƒì…ë‹ˆê¹Œ?
89,89,1241,science & technology,biology & chemistry & physics,What do these calcifications represent? <image 1>  ,"A: Gallstones ë‹´ì„, B: Pancreatic calcifications ì·Œì¥ ì„íšŒí™”, C: Calcified hematoma of the liver ê°„ì˜ ì„í™”ëœ í˜ˆì¢…, D: Hepatic artery aneurysms ê°„ë™ë§¥ë¥˜",choice,ì´ ì„íšŒí™”ëŠ” ë¬´ì—‡ì„ ë‚˜íƒ€ëƒ…ë‹ˆê¹Œ?
90,90,533,instance reasoning,cross-instance relation reasoning,Compare the average kinetic energies of the particles in each sample. Which sample has the higher temperature? ," A: neither; the samples have the same temperature ë‘˜ ë‹¤ ì•„ë‹ˆë‹¤; ë‘ ìƒ˜í”Œì˜ ì˜¨ë„ê°€ ê°™ë‹¤, B: sample A, ìƒ˜í”Œ A, C: sample B, ìƒ˜í”Œ B, D: nan NaN(ìˆ«ì ì•„ë‹˜)",choice,ì…ìë“¤ì˜ í‰ê·  ìš´ë™ ì—ë„ˆì§€ë¥¼ ë¹„êµí•˜ì‹œì˜¤.
91,91,348,fine-grained perception,recognition,Name the topmost opening of a volcano ,"A: Camino Proncipale ì£¼ìš” ê²½ë¡œ, B: Camino volcanico í™”ì‚° ê²½ë¡œ, C: Cratere volcanico í™”ì‚° ë¶„í™”êµ¬, D: Cratere Proncipale ì£¼ìš” ë¶„í™”êµ¬",choice,í™”ì‚°ì˜ ìµœìƒë‹¨ ë¶„í™”êµ¬ì˜ ì´ë¦„ì„ ë§í•˜ì‹œì˜¤.
92,92,567,instance reasoning,cross-instance relation reasoning,Which property do these four objects have in common? ,"A: fragile ì•½í•œ, B: transparent íˆ¬ëª…í•œ, C: opaque ë¶ˆíˆ¬ëª…í•œ, D: nan ìˆ«ìê°€ ì•„ë‹˜",choice,ë‹¤ìŒ ë„¤ ê°ì²´ê°€ ê³µí†µìœ¼ë¡œ ê°€ì§€ëŠ” ì†ì„±ì€ ë¬´ì—‡ì…ë‹ˆê¹Œ?
93,93,1264,science & technology,biology & chemistry & physics,What label shows the transplanted seedling? ,"A: E, B: B, C: C, D: D A: ì´, B: ë¹„, C: ì”¨, D: ë””",choice,ì´ì‹ëœ ë¬˜ëª©ì„ í‘œì‹œí•˜ëŠ” ë¼ë²¨ì€ ë¬´ì—‡ì…ë‹ˆê¹Œ?
94,94,150,coarse perception,image scene and topic,Which of the following captions best describes this image? ,"A: A person taking a photo with a camera, B: A group of people watching a movie in a theater, C: A person reading a book in a library, D: A woman applying makeup in front of a mirror A: ì¹´ë©”ë¼ë¡œ ì‚¬ì§„ì„ ì°ëŠ” ì‚¬ëŒ, B: ê·¹ì¥ì— ëª¨ì—¬ ì˜í™”ë¥¼ ë³´ëŠ” ì‚¬ëŒë“¤, C: ë„ì„œê´€ì—ì„œ ì±…ì„ ì½ëŠ” ì‚¬ëŒ, D: ê±°ìš¸ ì•ì—ì„œ í™”ì¥ì„ í•˜ëŠ” ì—¬ì„±",choice,ë‹¤ìŒ ìº¡ì…˜ ì¤‘ ì–´ë–¤ ê²ƒì´ ê°€ì¥ ì˜ ì„¤ëª…í•©ë‹ˆê¹Œ?
95,95,146,coarse perception,image scene and topic,Which of the following captions best describes this image? ,"A: A group of people playing soccer in a field, B: A woman walking her dog on a beach, C: A man riding a bicycle on a mountain trail, D: A child playing with a ball in a park ë“¤íŒì—ì„œ ì¶•êµ¬ë¥¼ í•˜ëŠ” ì‚¬ëŒë“¤, í•´ë³€ì—ì„œ ê°œë¥¼ ì‚°ì±…í•˜ëŠ” ì—¬ì„±, ì‚°ê¸¸ì—ì„œ ìì „ê±°ë¥¼ íƒ€ëŠ” ë‚¨ì„±, ê³µì›ì—ì„œ ê³µì„ ê°€ì§€ê³  ë…¸ëŠ” ì•„ì´",choice,ë‹¤ìŒ ì´ë¯¸ì§€ì— ëŒ€í•´ ì•„ë˜ ìº¡ì…˜ ì¤‘ ì–´ëŠ ê²ƒì´ ê°€ì¥ ì˜ ì„¤ëª…í•©ë‹ˆê¹Œ?
96,96,21,coarse perception,image emotion,what emotion does this emoji express? ,"A: happy í–‰ë³µí•œ, B: sad ìŠ¬í”ˆ, C: excited ì‹ ë‚œ, D: angry í™”ë‚œ",choice,ì´ ì´ëª¨ì§€ëŠ” ì–´ë–¤ ê°ì •ì„ í‘œí˜„í•˜ë‚˜ìš”?
97,97,923,logical reasoning,diagram reasoning,Which part the body that lies between the thorax and the stinger? ,"A: C, B: A, C: G, D: I A: C(ì”¨), B: A(ì—ì´), C: G(ì§€), D: I(ì•„ì´)",choice,í‰ë¶€ ì‚¬ì´ì— ìœ„ì¹˜í•œ ì‹ ì²´ì˜ ì–´ëŠ ë¶€ë¶„ì…ë‹ˆê¹Œ?
98,98,225,fine-grained perception,localization,Where is the pathway located in the image? ,"A: On the left side of the image, ì´ë¯¸ì§€ì˜ ì™¼ìª½ì— ìˆìŠµë‹ˆë‹¤ B: On the right side of the image, ì´ë¯¸ì§€ì˜ ì˜¤ë¥¸ìª½ì— ìˆìŠµë‹ˆë‹¤ C: In the center of the image, ì´ë¯¸ì§€ì˜ ì¤‘ì•™ì— ìˆìŠµë‹ˆë‹¤ D: Cannot be determined from the information provided, ì œê³µëœ ì •ë³´ë¡œëŠ” íŒë‹¨í•  ìˆ˜ ì—†ìŠµë‹ˆë‹¤",choice,ì´ë¯¸ì§€ì—ì„œ ê²½ë¡œê°€ ì–´ë””ì— ìœ„ì¹˜í•´ ìˆë‚˜ìš”?
99,99,308,fine-grained perception,object counting,How many plants are in the image? ,"A: 1, B: 2, C: 3, D: 4 A: 1, B: 2, C: 3, D: 4",choice,ì´ë¯¸ì§€ì— ì‹ë¬¼ì´ ëª‡ ê°œ ìˆë‚˜ìš”?
